AgentId;TimeStep;ID;DispatchedEnergyInMWHperPlant
504;2021-01-01 00:00:00;Auto_227;16.83999999997829
504;2021-01-01 00:00:00;Auto_228;96.02999999999999
504;2021-01-01 00:00:00;Auto_229;96.02999999999999
504;2021-01-01 00:00:00;Auto_230;96.02999999999999
504;2021-01-01 00:00:00;Auto_231;96.02999999999999
504;2021-01-01 00:00:00;Auto_232;96.02999999999999
504;2021-01-01 00:00:00;Auto_233;96.02999999999999
504;2021-01-01 00:00:00;Auto_234;96.02999999999999
504;2021-01-01 00:00:00;Auto_235;96.02999999999999
504;2021-01-01 00:00:00;Auto_236;96.02999999999999
504;2021-01-01 00:00:00;Auto_237;96.02999999999999
504;2021-01-01 00:00:00;Auto_238;96.02999999999999
504;2021-01-01 00:00:00;Auto_239;96.02999999999999
504;2021-01-01 00:00:00;Auto_240;96.02999999999999
504;2021-01-01 00:00:00;Auto_241;96.02999999999999
504;2021-01-01 00:00:00;Auto_242;96.02999999999999
504;2021-01-01 00:00:00;Auto_243;96.02999999999999
504;2021-01-01 00:00:00;Auto_244;96.02999999999999
504;2021-01-01 00:00:00;Auto_245;96.02999999999999
504;2021-01-01 00:00:00;Auto_246;96.02999999999999
504;2021-01-01 00:00:00;Auto_247;96.02999999999999
504;2021-01-01 00:00:00;Auto_248;96.02999999999999
504;2021-01-01 00:00:00;Auto_249;96.02999999999999
504;2021-01-01 00:00:00;Auto_250;96.02999999999999
504;2021-01-01 00:00:00;Auto_251;96.02999999999999
504;2021-01-01 00:00:00;Auto_252;96.02999999999999
504;2021-01-01 00:00:00;Auto_253;96.02999999999999
504;2021-01-01 00:00:00;Auto_254;96.02999999999999
504;2021-01-01 00:00:00;Auto_255;96.02999999999999
504;2021-01-01 00:00:00;Auto_256;96.02999999999999
504;2021-01-01 00:00:00;Auto_257;96.02999999999999
504;2021-01-01 00:00:00;Auto_258;96.02999999999999
504;2021-01-01 00:00:00;Auto_259;96.02999999999999
504;2021-01-01 00:00:00;Auto_260;96.02999999999999
504;2021-01-01 00:00:00;Auto_261;96.02999999999999
504;2021-01-01 00:00:00;Auto_262;96.02999999999999
504;2021-01-01 00:00:00;Auto_263;96.02999999999999
504;2021-01-01 00:00:00;Auto_264;96.02999999999999
504;2021-01-01 00:00:00;Auto_265;96.02999999999999
504;2021-01-01 00:00:00;Auto_266;96.02999999999999
504;2021-01-01 00:00:00;Auto_267;96.02999999999999
504;2021-01-01 00:00:00;Auto_268;96.02999999999999
504;2021-01-01 00:00:00;Auto_269;96.02999999999999
504;2021-01-01 00:00:00;Auto_270;96.02999999999999
504;2021-01-01 00:00:00;Auto_271;96.02999999999999
504;2021-01-01 00:00:00;Auto_272;96.02999999999999
504;2021-01-01 00:00:00;Auto_273;96.02999999999999
504;2021-01-01 00:00:00;Auto_274;96.02999999999999
504;2021-01-01 00:00:00;Auto_275;96.02999999999999
504;2021-01-01 00:00:00;Auto_276;96.02999999999999
504;2021-01-01 00:00:00;Auto_277;96.02999999999999
504;2021-01-01 00:00:00;Auto_278;96.02999999999999
504;2021-01-01 00:00:00;Auto_279;96.02999999999999
504;2021-01-01 00:00:00;Auto_280;96.02999999999999
504;2021-01-01 00:00:00;Auto_281;96.02999999999999
504;2021-01-01 00:00:00;Auto_282;96.02999999999999
504;2021-01-01 00:00:00;Auto_283;96.02999999999999
504;2021-01-01 00:00:00;Auto_284;96.02999999999999
504;2021-01-01 00:00:00;Auto_285;96.02999999999999
504;2021-01-01 00:00:00;Auto_286;96.02999999999999
504;2021-01-01 00:00:00;Auto_287;96.02999999999999
504;2021-01-01 00:00:00;Auto_288;96.02999999999999
504;2021-01-01 00:00:00;Auto_289;96.02999999999999
504;2021-01-01 00:00:00;Auto_290;96.02999999999999
504;2021-01-01 00:00:00;Auto_291;96.02999999999999
504;2021-01-01 00:00:00;Auto_292;96.02999999999999
504;2021-01-01 00:00:00;Auto_293;96.02999999999999
504;2021-01-01 00:00:00;Auto_294;96.02999999999999
504;2021-01-01 00:00:00;Auto_295;96.02999999999999
504;2021-01-01 00:00:00;Auto_296;96.02999999999999
504;2021-01-01 00:00:00;Auto_297;96.02999999999999
504;2021-01-01 00:00:00;Auto_298;96.02999999999999
504;2021-01-01 00:00:00;Auto_299;96.02999999999999
504;2021-01-01 01:00:00;Auto_244;84.3499999999842
504;2021-01-01 01:00:00;Auto_245;96.02999999999999
504;2021-01-01 01:00:00;Auto_246;96.02999999999999
504;2021-01-01 01:00:00;Auto_247;96.02999999999999
504;2021-01-01 01:00:00;Auto_248;96.02999999999999
504;2021-01-01 01:00:00;Auto_249;96.02999999999999
504;2021-01-01 01:00:00;Auto_250;96.02999999999999
504;2021-01-01 01:00:00;Auto_251;96.02999999999999
504;2021-01-01 01:00:00;Auto_252;96.02999999999999
504;2021-01-01 01:00:00;Auto_253;96.02999999999999
504;2021-01-01 01:00:00;Auto_254;96.02999999999999
504;2021-01-01 01:00:00;Auto_255;96.02999999999999
504;2021-01-01 01:00:00;Auto_256;96.02999999999999
504;2021-01-01 01:00:00;Auto_257;96.02999999999999
504;2021-01-01 01:00:00;Auto_258;96.02999999999999
504;2021-01-01 01:00:00;Auto_259;96.02999999999999
504;2021-01-01 01:00:00;Auto_260;96.02999999999999
504;2021-01-01 01:00:00;Auto_261;96.02999999999999
504;2021-01-01 01:00:00;Auto_262;96.02999999999999
504;2021-01-01 01:00:00;Auto_263;96.02999999999999
504;2021-01-01 01:00:00;Auto_264;96.02999999999999
504;2021-01-01 01:00:00;Auto_265;96.02999999999999
504;2021-01-01 01:00:00;Auto_266;96.02999999999999
504;2021-01-01 01:00:00;Auto_267;96.02999999999999
504;2021-01-01 01:00:00;Auto_268;96.02999999999999
504;2021-01-01 01:00:00;Auto_269;96.02999999999999
504;2021-01-01 01:00:00;Auto_270;96.02999999999999
504;2021-01-01 01:00:00;Auto_271;96.02999999999999
504;2021-01-01 01:00:00;Auto_272;96.02999999999999
504;2021-01-01 01:00:00;Auto_273;96.02999999999999
504;2021-01-01 01:00:00;Auto_274;96.02999999999999
504;2021-01-01 01:00:00;Auto_275;96.02999999999999
504;2021-01-01 01:00:00;Auto_276;96.02999999999999
504;2021-01-01 01:00:00;Auto_277;96.02999999999999
504;2021-01-01 01:00:00;Auto_278;96.02999999999999
504;2021-01-01 01:00:00;Auto_279;96.02999999999999
504;2021-01-01 01:00:00;Auto_280;96.02999999999999
504;2021-01-01 01:00:00;Auto_281;96.02999999999999
504;2021-01-01 01:00:00;Auto_282;96.02999999999999
504;2021-01-01 01:00:00;Auto_283;96.02999999999999
504;2021-01-01 01:00:00;Auto_284;96.02999999999999
504;2021-01-01 01:00:00;Auto_285;96.02999999999999
504;2021-01-01 01:00:00;Auto_286;96.02999999999999
504;2021-01-01 01:00:00;Auto_287;96.02999999999999
504;2021-01-01 01:00:00;Auto_288;96.02999999999999
504;2021-01-01 01:00:00;Auto_289;96.02999999999999
504;2021-01-01 01:00:00;Auto_290;96.02999999999999
504;2021-01-01 01:00:00;Auto_291;96.02999999999999
504;2021-01-01 01:00:00;Auto_292;96.02999999999999
504;2021-01-01 01:00:00;Auto_293;96.02999999999999
504;2021-01-01 01:00:00;Auto_294;96.02999999999999
504;2021-01-01 01:00:00;Auto_295;96.02999999999999
504;2021-01-01 01:00:00;Auto_296;96.02999999999999
504;2021-01-01 01:00:00;Auto_297;96.02999999999999
504;2021-01-01 01:00:00;Auto_298;96.02999999999999
504;2021-01-01 01:00:00;Auto_299;96.02999999999999
504;2021-01-01 02:00:00;Auto_252;49.58999999998353
504;2021-01-01 02:00:00;Auto_253;96.02999999999999
504;2021-01-01 02:00:00;Auto_254;96.02999999999999
504;2021-01-01 02:00:00;Auto_255;96.02999999999999
504;2021-01-01 02:00:00;Auto_256;96.02999999999999
504;2021-01-01 02:00:00;Auto_257;96.02999999999999
504;2021-01-01 02:00:00;Auto_258;96.02999999999999
504;2021-01-01 02:00:00;Auto_259;96.02999999999999
504;2021-01-01 02:00:00;Auto_260;96.02999999999999
504;2021-01-01 02:00:00;Auto_261;96.02999999999999
504;2021-01-01 02:00:00;Auto_262;96.02999999999999
504;2021-01-01 02:00:00;Auto_263;96.02999999999999
504;2021-01-01 02:00:00;Auto_264;96.02999999999999
504;2021-01-01 02:00:00;Auto_265;96.02999999999999
504;2021-01-01 02:00:00;Auto_266;96.02999999999999
504;2021-01-01 02:00:00;Auto_267;96.02999999999999
504;2021-01-01 02:00:00;Auto_268;96.02999999999999
504;2021-01-01 02:00:00;Auto_269;96.02999999999999
504;2021-01-01 02:00:00;Auto_270;96.02999999999999
504;2021-01-01 02:00:00;Auto_271;96.02999999999999
504;2021-01-01 02:00:00;Auto_272;96.02999999999999
504;2021-01-01 02:00:00;Auto_273;96.02999999999999
504;2021-01-01 02:00:00;Auto_274;96.02999999999999
504;2021-01-01 02:00:00;Auto_275;96.02999999999999
504;2021-01-01 02:00:00;Auto_276;96.02999999999999
504;2021-01-01 02:00:00;Auto_277;96.02999999999999
504;2021-01-01 02:00:00;Auto_278;96.02999999999999
504;2021-01-01 02:00:00;Auto_279;96.02999999999999
504;2021-01-01 02:00:00;Auto_280;96.02999999999999
504;2021-01-01 02:00:00;Auto_281;96.02999999999999
504;2021-01-01 02:00:00;Auto_282;96.02999999999999
504;2021-01-01 02:00:00;Auto_283;96.02999999999999
504;2021-01-01 02:00:00;Auto_284;96.02999999999999
504;2021-01-01 02:00:00;Auto_285;96.02999999999999
504;2021-01-01 02:00:00;Auto_286;96.02999999999999
504;2021-01-01 02:00:00;Auto_287;96.02999999999999
504;2021-01-01 02:00:00;Auto_288;96.02999999999999
504;2021-01-01 02:00:00;Auto_289;96.02999999999999
504;2021-01-01 02:00:00;Auto_290;96.02999999999999
504;2021-01-01 02:00:00;Auto_291;96.02999999999999
504;2021-01-01 02:00:00;Auto_292;96.02999999999999
504;2021-01-01 02:00:00;Auto_293;96.02999999999999
504;2021-01-01 02:00:00;Auto_294;96.02999999999999
504;2021-01-01 02:00:00;Auto_295;96.02999999999999
504;2021-01-01 02:00:00;Auto_296;96.02999999999999
504;2021-01-01 02:00:00;Auto_297;96.02999999999999
504;2021-01-01 02:00:00;Auto_298;96.02999999999999
504;2021-01-01 02:00:00;Auto_299;96.02999999999999
504;2021-01-01 03:00:00;Auto_265;70.97999999998159
504;2021-01-01 03:00:00;Auto_266;96.02999999999999
504;2021-01-01 03:00:00;Auto_267;96.02999999999999
504;2021-01-01 03:00:00;Auto_268;96.02999999999999
504;2021-01-01 03:00:00;Auto_269;96.02999999999999
504;2021-01-01 03:00:00;Auto_270;96.02999999999999
504;2021-01-01 03:00:00;Auto_271;96.02999999999999
504;2021-01-01 03:00:00;Auto_272;96.02999999999999
504;2021-01-01 03:00:00;Auto_273;96.02999999999999
504;2021-01-01 03:00:00;Auto_274;96.02999999999999
504;2021-01-01 03:00:00;Auto_275;96.02999999999999
504;2021-01-01 03:00:00;Auto_276;96.02999999999999
504;2021-01-01 03:00:00;Auto_277;96.02999999999999
504;2021-01-01 03:00:00;Auto_278;96.02999999999999
504;2021-01-01 03:00:00;Auto_279;96.02999999999999
504;2021-01-01 03:00:00;Auto_280;96.02999999999999
504;2021-01-01 03:00:00;Auto_281;96.02999999999999
504;2021-01-01 03:00:00;Auto_282;96.02999999999999
504;2021-01-01 03:00:00;Auto_283;96.02999999999999
504;2021-01-01 03:00:00;Auto_284;96.02999999999999
504;2021-01-01 03:00:00;Auto_285;96.02999999999999
504;2021-01-01 03:00:00;Auto_286;96.02999999999999
504;2021-01-01 03:00:00;Auto_287;96.02999999999999
504;2021-01-01 03:00:00;Auto_288;96.02999999999999
504;2021-01-01 03:00:00;Auto_289;96.02999999999999
504;2021-01-01 03:00:00;Auto_290;96.02999999999999
504;2021-01-01 03:00:00;Auto_291;96.02999999999999
504;2021-01-01 03:00:00;Auto_292;96.02999999999999
504;2021-01-01 03:00:00;Auto_293;96.02999999999999
504;2021-01-01 03:00:00;Auto_294;96.02999999999999
504;2021-01-01 03:00:00;Auto_295;96.02999999999999
504;2021-01-01 03:00:00;Auto_296;96.02999999999999
504;2021-01-01 03:00:00;Auto_297;96.02999999999999
504;2021-01-01 03:00:00;Auto_298;96.02999999999999
504;2021-01-01 03:00:00;Auto_299;96.02999999999999
504;2021-01-01 04:00:00;Auto_269;61.09999999998057
504;2021-01-01 04:00:00;Auto_270;96.02999999999999
504;2021-01-01 04:00:00;Auto_271;96.02999999999999
504;2021-01-01 04:00:00;Auto_272;96.02999999999999
504;2021-01-01 04:00:00;Auto_273;96.02999999999999
504;2021-01-01 04:00:00;Auto_274;96.02999999999999
504;2021-01-01 04:00:00;Auto_275;96.02999999999999
504;2021-01-01 04:00:00;Auto_276;96.02999999999999
504;2021-01-01 04:00:00;Auto_277;96.02999999999999
504;2021-01-01 04:00:00;Auto_278;96.02999999999999
504;2021-01-01 04:00:00;Auto_279;96.02999999999999
504;2021-01-01 04:00:00;Auto_280;96.02999999999999
504;2021-01-01 04:00:00;Auto_281;96.02999999999999
504;2021-01-01 04:00:00;Auto_282;96.02999999999999
504;2021-01-01 04:00:00;Auto_283;96.02999999999999
504;2021-01-01 04:00:00;Auto_284;96.02999999999999
504;2021-01-01 04:00:00;Auto_285;96.02999999999999
504;2021-01-01 04:00:00;Auto_286;96.02999999999999
504;2021-01-01 04:00:00;Auto_287;96.02999999999999
504;2021-01-01 04:00:00;Auto_288;96.02999999999999
504;2021-01-01 04:00:00;Auto_289;96.02999999999999
504;2021-01-01 04:00:00;Auto_290;96.02999999999999
504;2021-01-01 04:00:00;Auto_291;96.02999999999999
504;2021-01-01 04:00:00;Auto_292;96.02999999999999
504;2021-01-01 04:00:00;Auto_293;96.02999999999999
504;2021-01-01 04:00:00;Auto_294;96.02999999999999
504;2021-01-01 04:00:00;Auto_295;96.02999999999999
504;2021-01-01 04:00:00;Auto_296;96.02999999999999
504;2021-01-01 04:00:00;Auto_297;96.02999999999999
504;2021-01-01 04:00:00;Auto_298;96.02999999999999
504;2021-01-01 04:00:00;Auto_299;96.02999999999999
504;2021-01-01 05:00:00;Auto_270;42.12999999998122
504;2021-01-01 05:00:00;Auto_271;96.02999999999999
504;2021-01-01 05:00:00;Auto_272;96.02999999999999
504;2021-01-01 05:00:00;Auto_273;96.02999999999999
504;2021-01-01 05:00:00;Auto_274;96.02999999999999
504;2021-01-01 05:00:00;Auto_275;96.02999999999999
504;2021-01-01 05:00:00;Auto_276;96.02999999999999
504;2021-01-01 05:00:00;Auto_277;96.02999999999999
504;2021-01-01 05:00:00;Auto_278;96.02999999999999
504;2021-01-01 05:00:00;Auto_279;96.02999999999999
504;2021-01-01 05:00:00;Auto_280;96.02999999999999
504;2021-01-01 05:00:00;Auto_281;96.02999999999999
504;2021-01-01 05:00:00;Auto_282;96.02999999999999
504;2021-01-01 05:00:00;Auto_283;96.02999999999999
504;2021-01-01 05:00:00;Auto_284;96.02999999999999
504;2021-01-01 05:00:00;Auto_285;96.02999999999999
504;2021-01-01 05:00:00;Auto_286;96.02999999999999
504;2021-01-01 05:00:00;Auto_287;96.02999999999999
504;2021-01-01 05:00:00;Auto_288;96.02999999999999
504;2021-01-01 05:00:00;Auto_289;96.02999999999999
504;2021-01-01 05:00:00;Auto_290;96.02999999999999
504;2021-01-01 05:00:00;Auto_291;96.02999999999999
504;2021-01-01 05:00:00;Auto_292;96.02999999999999
504;2021-01-01 05:00:00;Auto_293;96.02999999999999
504;2021-01-01 05:00:00;Auto_294;96.02999999999999
504;2021-01-01 05:00:00;Auto_295;96.02999999999999
504;2021-01-01 05:00:00;Auto_296;96.02999999999999
504;2021-01-01 05:00:00;Auto_297;96.02999999999999
504;2021-01-01 05:00:00;Auto_298;96.02999999999999
504;2021-01-01 05:00:00;Auto_299;96.02999999999999
504;2021-01-01 06:00:00;Auto_270;0.12999999998143608
504;2021-01-01 06:00:00;Auto_271;96.02999999999999
504;2021-01-01 06:00:00;Auto_272;96.02999999999999
504;2021-01-01 06:00:00;Auto_273;96.02999999999999
504;2021-01-01 06:00:00;Auto_274;96.02999999999999
504;2021-01-01 06:00:00;Auto_275;96.02999999999999
504;2021-01-01 06:00:00;Auto_276;96.02999999999999
504;2021-01-01 06:00:00;Auto_277;96.02999999999999
504;2021-01-01 06:00:00;Auto_278;96.02999999999999
504;2021-01-01 06:00:00;Auto_279;96.02999999999999
504;2021-01-01 06:00:00;Auto_280;96.02999999999999
504;2021-01-01 06:00:00;Auto_281;96.02999999999999
504;2021-01-01 06:00:00;Auto_282;96.02999999999999
504;2021-01-01 06:00:00;Auto_283;96.02999999999999
504;2021-01-01 06:00:00;Auto_284;96.02999999999999
504;2021-01-01 06:00:00;Auto_285;96.02999999999999
504;2021-01-01 06:00:00;Auto_286;96.02999999999999
504;2021-01-01 06:00:00;Auto_287;96.02999999999999
504;2021-01-01 06:00:00;Auto_288;96.02999999999999
504;2021-01-01 06:00:00;Auto_289;96.02999999999999
504;2021-01-01 06:00:00;Auto_290;96.02999999999999
504;2021-01-01 06:00:00;Auto_291;96.02999999999999
504;2021-01-01 06:00:00;Auto_292;96.02999999999999
504;2021-01-01 06:00:00;Auto_293;96.02999999999999
504;2021-01-01 06:00:00;Auto_294;96.02999999999999
504;2021-01-01 06:00:00;Auto_295;96.02999999999999
504;2021-01-01 06:00:00;Auto_296;96.02999999999999
504;2021-01-01 06:00:00;Auto_297;96.02999999999999
504;2021-01-01 06:00:00;Auto_298;96.02999999999999
504;2021-01-01 06:00:00;Auto_299;96.02999999999999
504;2021-01-01 07:00:00;Auto_256;92.70999999997206
504;2021-01-01 07:00:00;Auto_257;96.02999999999999
504;2021-01-01 07:00:00;Auto_258;96.02999999999999
504;2021-01-01 07:00:00;Auto_259;96.02999999999999
504;2021-01-01 07:00:00;Auto_260;96.02999999999999
504;2021-01-01 07:00:00;Auto_261;96.02999999999999
504;2021-01-01 07:00:00;Auto_262;96.02999999999999
504;2021-01-01 07:00:00;Auto_263;96.02999999999999
504;2021-01-01 07:00:00;Auto_264;96.02999999999999
504;2021-01-01 07:00:00;Auto_265;96.02999999999999
504;2021-01-01 07:00:00;Auto_266;96.02999999999999
504;2021-01-01 07:00:00;Auto_267;96.02999999999999
504;2021-01-01 07:00:00;Auto_268;96.02999999999999
504;2021-01-01 07:00:00;Auto_269;96.02999999999999
504;2021-01-01 07:00:00;Auto_270;96.02999999999999
504;2021-01-01 07:00:00;Auto_271;96.02999999999999
504;2021-01-01 07:00:00;Auto_272;96.02999999999999
504;2021-01-01 07:00:00;Auto_273;96.02999999999999
504;2021-01-01 07:00:00;Auto_274;96.02999999999999
504;2021-01-01 07:00:00;Auto_275;96.02999999999999
504;2021-01-01 07:00:00;Auto_276;96.02999999999999
504;2021-01-01 07:00:00;Auto_277;96.02999999999999
504;2021-01-01 07:00:00;Auto_278;96.02999999999999
504;2021-01-01 07:00:00;Auto_279;96.02999999999999
504;2021-01-01 07:00:00;Auto_280;96.02999999999999
504;2021-01-01 07:00:00;Auto_281;96.02999999999999
504;2021-01-01 07:00:00;Auto_282;96.02999999999999
504;2021-01-01 07:00:00;Auto_283;96.02999999999999
504;2021-01-01 07:00:00;Auto_284;96.02999999999999
504;2021-01-01 07:00:00;Auto_285;96.02999999999999
504;2021-01-01 07:00:00;Auto_286;96.02999999999999
504;2021-01-01 07:00:00;Auto_287;96.02999999999999
504;2021-01-01 07:00:00;Auto_288;96.02999999999999
504;2021-01-01 07:00:00;Auto_289;96.02999999999999
504;2021-01-01 07:00:00;Auto_290;96.02999999999999
504;2021-01-01 07:00:00;Auto_291;96.02999999999999
504;2021-01-01 07:00:00;Auto_292;96.02999999999999
504;2021-01-01 07:00:00;Auto_293;96.02999999999999
504;2021-01-01 07:00:00;Auto_294;96.02999999999999
504;2021-01-01 07:00:00;Auto_295;96.02999999999999
504;2021-01-01 07:00:00;Auto_296;96.02999999999999
504;2021-01-01 07:00:00;Auto_297;96.02999999999999
504;2021-01-01 07:00:00;Auto_298;96.02999999999999
504;2021-01-01 07:00:00;Auto_299;96.02999999999999
504;2021-01-01 08:00:00;Auto_254;14.649999999972323
504;2021-01-01 08:00:00;Auto_255;96.02999999999999
504;2021-01-01 08:00:00;Auto_256;96.02999999999999
504;2021-01-01 08:00:00;Auto_257;96.02999999999999
504;2021-01-01 08:00:00;Auto_258;96.02999999999999
504;2021-01-01 08:00:00;Auto_259;96.02999999999999
504;2021-01-01 08:00:00;Auto_260;96.02999999999999
504;2021-01-01 08:00:00;Auto_261;96.02999999999999
504;2021-01-01 08:00:00;Auto_262;96.02999999999999
504;2021-01-01 08:00:00;Auto_263;96.02999999999999
504;2021-01-01 08:00:00;Auto_264;96.02999999999999
504;2021-01-01 08:00:00;Auto_265;96.02999999999999
504;2021-01-01 08:00:00;Auto_266;96.02999999999999
504;2021-01-01 08:00:00;Auto_267;96.02999999999999
504;2021-01-01 08:00:00;Auto_268;96.02999999999999
504;2021-01-01 08:00:00;Auto_269;96.02999999999999
504;2021-01-01 08:00:00;Auto_270;96.02999999999999
504;2021-01-01 08:00:00;Auto_271;96.02999999999999
504;2021-01-01 08:00:00;Auto_272;96.02999999999999
504;2021-01-01 08:00:00;Auto_273;96.02999999999999
504;2021-01-01 08:00:00;Auto_274;96.02999999999999
504;2021-01-01 08:00:00;Auto_275;96.02999999999999
504;2021-01-01 08:00:00;Auto_276;96.02999999999999
504;2021-01-01 08:00:00;Auto_277;96.02999999999999
504;2021-01-01 08:00:00;Auto_278;96.02999999999999
504;2021-01-01 08:00:00;Auto_279;96.02999999999999
504;2021-01-01 08:00:00;Auto_280;96.02999999999999
504;2021-01-01 08:00:00;Auto_281;96.02999999999999
504;2021-01-01 08:00:00;Auto_282;96.02999999999999
504;2021-01-01 08:00:00;Auto_283;96.02999999999999
504;2021-01-01 08:00:00;Auto_284;96.02999999999999
504;2021-01-01 08:00:00;Auto_285;96.02999999999999
504;2021-01-01 08:00:00;Auto_286;96.02999999999999
504;2021-01-01 08:00:00;Auto_287;96.02999999999999
504;2021-01-01 08:00:00;Auto_288;96.02999999999999
504;2021-01-01 08:00:00;Auto_289;96.02999999999999
504;2021-01-01 08:00:00;Auto_290;96.02999999999999
504;2021-01-01 08:00:00;Auto_291;96.02999999999999
504;2021-01-01 08:00:00;Auto_292;96.02999999999999
504;2021-01-01 08:00:00;Auto_293;96.02999999999999
504;2021-01-01 08:00:00;Auto_294;96.02999999999999
504;2021-01-01 08:00:00;Auto_295;96.02999999999999
504;2021-01-01 08:00:00;Auto_296;96.02999999999999
504;2021-01-01 08:00:00;Auto_297;96.02999999999999
504;2021-01-01 08:00:00;Auto_298;96.02999999999999
504;2021-01-01 08:00:00;Auto_299;96.02999999999999
504;2021-01-01 09:00:00;Auto_263;27.919999999991404
504;2021-01-01 09:00:00;Auto_264;96.02999999999999
504;2021-01-01 09:00:00;Auto_265;96.02999999999999
504;2021-01-01 09:00:00;Auto_266;96.02999999999999
504;2021-01-01 09:00:00;Auto_267;96.02999999999999
504;2021-01-01 09:00:00;Auto_268;96.02999999999999
504;2021-01-01 09:00:00;Auto_269;96.02999999999999
504;2021-01-01 09:00:00;Auto_270;96.02999999999999
504;2021-01-01 09:00:00;Auto_271;96.02999999999999
504;2021-01-01 09:00:00;Auto_272;96.02999999999999
504;2021-01-01 09:00:00;Auto_273;96.02999999999999
504;2021-01-01 09:00:00;Auto_274;96.02999999999999
504;2021-01-01 09:00:00;Auto_275;96.02999999999999
504;2021-01-01 09:00:00;Auto_276;96.02999999999999
504;2021-01-01 09:00:00;Auto_277;96.02999999999999
504;2021-01-01 09:00:00;Auto_278;96.02999999999999
504;2021-01-01 09:00:00;Auto_279;96.02999999999999
504;2021-01-01 09:00:00;Auto_280;96.02999999999999
504;2021-01-01 09:00:00;Auto_281;96.02999999999999
504;2021-01-01 09:00:00;Auto_282;96.02999999999999
504;2021-01-01 09:00:00;Auto_283;96.02999999999999
504;2021-01-01 09:00:00;Auto_284;96.02999999999999
504;2021-01-01 09:00:00;Auto_285;96.02999999999999
504;2021-01-01 09:00:00;Auto_286;96.02999999999999
504;2021-01-01 09:00:00;Auto_287;96.02999999999999
504;2021-01-01 09:00:00;Auto_288;96.02999999999999
504;2021-01-01 09:00:00;Auto_289;96.02999999999999
504;2021-01-01 09:00:00;Auto_290;96.02999999999999
504;2021-01-01 09:00:00;Auto_291;96.02999999999999
504;2021-01-01 09:00:00;Auto_292;96.02999999999999
504;2021-01-01 09:00:00;Auto_293;96.02999999999999
504;2021-01-01 09:00:00;Auto_294;96.02999999999999
504;2021-01-01 09:00:00;Auto_295;96.02999999999999
504;2021-01-01 09:00:00;Auto_296;96.02999999999999
504;2021-01-01 09:00:00;Auto_297;96.02999999999999
504;2021-01-01 09:00:00;Auto_298;96.02999999999999
504;2021-01-01 09:00:00;Auto_299;96.02999999999999
504;2021-01-01 10:00:00;Auto_272;45.1899999999989
504;2021-01-01 10:00:00;Auto_273;96.02999999999999
504;2021-01-01 10:00:00;Auto_274;96.02999999999999
504;2021-01-01 10:00:00;Auto_275;96.02999999999999
504;2021-01-01 10:00:00;Auto_276;96.02999999999999
504;2021-01-01 10:00:00;Auto_277;96.02999999999999
504;2021-01-01 10:00:00;Auto_278;96.02999999999999
504;2021-01-01 10:00:00;Auto_279;96.02999999999999
504;2021-01-01 10:00:00;Auto_280;96.02999999999999
504;2021-01-01 10:00:00;Auto_281;96.02999999999999
504;2021-01-01 10:00:00;Auto_282;96.02999999999999
504;2021-01-01 10:00:00;Auto_283;96.02999999999999
504;2021-01-01 10:00:00;Auto_284;96.02999999999999
504;2021-01-01 10:00:00;Auto_285;96.02999999999999
504;2021-01-01 10:00:00;Auto_286;96.02999999999999
504;2021-01-01 10:00:00;Auto_287;96.02999999999999
504;2021-01-01 10:00:00;Auto_288;96.02999999999999
504;2021-01-01 10:00:00;Auto_289;96.02999999999999
504;2021-01-01 10:00:00;Auto_290;96.02999999999999
504;2021-01-01 10:00:00;Auto_291;96.02999999999999
504;2021-01-01 10:00:00;Auto_292;96.02999999999999
504;2021-01-01 10:00:00;Auto_293;96.02999999999999
504;2021-01-01 10:00:00;Auto_294;96.02999999999999
504;2021-01-01 10:00:00;Auto_295;96.02999999999999
504;2021-01-01 10:00:00;Auto_296;96.02999999999999
504;2021-01-01 10:00:00;Auto_297;96.02999999999999
504;2021-01-01 10:00:00;Auto_298;96.02999999999999
504;2021-01-01 10:00:00;Auto_299;96.02999999999999
504;2021-01-01 11:00:00;Auto_273;35.2199999999941
504;2021-01-01 11:00:00;Auto_274;96.02999999999999
504;2021-01-01 11:00:00;Auto_275;96.02999999999999
504;2021-01-01 11:00:00;Auto_276;96.02999999999999
504;2021-01-01 11:00:00;Auto_277;96.02999999999999
504;2021-01-01 11:00:00;Auto_278;96.02999999999999
504;2021-01-01 11:00:00;Auto_279;96.02999999999999
504;2021-01-01 11:00:00;Auto_280;96.02999999999999
504;2021-01-01 11:00:00;Auto_281;96.02999999999999
504;2021-01-01 11:00:00;Auto_282;96.02999999999999
504;2021-01-01 11:00:00;Auto_283;96.02999999999999
504;2021-01-01 11:00:00;Auto_284;96.02999999999999
504;2021-01-01 11:00:00;Auto_285;96.02999999999999
504;2021-01-01 11:00:00;Auto_286;96.02999999999999
504;2021-01-01 11:00:00;Auto_287;96.02999999999999
504;2021-01-01 11:00:00;Auto_288;96.02999999999999
504;2021-01-01 11:00:00;Auto_289;96.02999999999999
504;2021-01-01 11:00:00;Auto_290;96.02999999999999
504;2021-01-01 11:00:00;Auto_291;96.02999999999999
504;2021-01-01 11:00:00;Auto_292;96.02999999999999
504;2021-01-01 11:00:00;Auto_293;96.02999999999999
504;2021-01-01 11:00:00;Auto_294;96.02999999999999
504;2021-01-01 11:00:00;Auto_295;96.02999999999999
504;2021-01-01 11:00:00;Auto_296;96.02999999999999
504;2021-01-01 11:00:00;Auto_297;96.02999999999999
504;2021-01-01 11:00:00;Auto_298;96.02999999999999
504;2021-01-01 11:00:00;Auto_299;96.02999999999999
504;2021-01-01 12:00:00;Auto_266;33.009999999978604
504;2021-01-01 12:00:00;Auto_267;96.02999999999999
504;2021-01-01 12:00:00;Auto_268;96.02999999999999
504;2021-01-01 12:00:00;Auto_269;96.02999999999999
504;2021-01-01 12:00:00;Auto_270;96.02999999999999
504;2021-01-01 12:00:00;Auto_271;96.02999999999999
504;2021-01-01 12:00:00;Auto_272;96.02999999999999
504;2021-01-01 12:00:00;Auto_273;96.02999999999999
504;2021-01-01 12:00:00;Auto_274;96.02999999999999
504;2021-01-01 12:00:00;Auto_275;96.02999999999999
504;2021-01-01 12:00:00;Auto_276;96.02999999999999
504;2021-01-01 12:00:00;Auto_277;96.02999999999999
504;2021-01-01 12:00:00;Auto_278;96.02999999999999
504;2021-01-01 12:00:00;Auto_279;96.02999999999999
504;2021-01-01 12:00:00;Auto_280;96.02999999999999
504;2021-01-01 12:00:00;Auto_281;96.02999999999999
504;2021-01-01 12:00:00;Auto_282;96.02999999999999
504;2021-01-01 12:00:00;Auto_283;96.02999999999999
504;2021-01-01 12:00:00;Auto_284;96.02999999999999
504;2021-01-01 12:00:00;Auto_285;96.02999999999999
504;2021-01-01 12:00:00;Auto_286;96.02999999999999
504;2021-01-01 12:00:00;Auto_287;96.02999999999999
504;2021-01-01 12:00:00;Auto_288;96.02999999999999
504;2021-01-01 12:00:00;Auto_289;96.02999999999999
504;2021-01-01 12:00:00;Auto_290;96.02999999999999
504;2021-01-01 12:00:00;Auto_291;96.02999999999999
504;2021-01-01 12:00:00;Auto_292;96.02999999999999
504;2021-01-01 12:00:00;Auto_293;96.02999999999999
504;2021-01-01 12:00:00;Auto_294;96.02999999999999
504;2021-01-01 12:00:00;Auto_295;96.02999999999999
504;2021-01-01 12:00:00;Auto_296;96.02999999999999
504;2021-01-01 12:00:00;Auto_297;96.02999999999999
504;2021-01-01 12:00:00;Auto_298;96.02999999999999
504;2021-01-01 12:00:00;Auto_299;96.02999999999999
504;2021-01-01 13:00:00;Auto_269;55.09999999998057
504;2021-01-01 13:00:00;Auto_270;96.02999999999999
504;2021-01-01 13:00:00;Auto_271;96.02999999999999
504;2021-01-01 13:00:00;Auto_272;96.02999999999999
504;2021-01-01 13:00:00;Auto_273;96.02999999999999
504;2021-01-01 13:00:00;Auto_274;96.02999999999999
504;2021-01-01 13:00:00;Auto_275;96.02999999999999
504;2021-01-01 13:00:00;Auto_276;96.02999999999999
504;2021-01-01 13:00:00;Auto_277;96.02999999999999
504;2021-01-01 13:00:00;Auto_278;96.02999999999999
504;2021-01-01 13:00:00;Auto_279;96.02999999999999
504;2021-01-01 13:00:00;Auto_280;96.02999999999999
504;2021-01-01 13:00:00;Auto_281;96.02999999999999
504;2021-01-01 13:00:00;Auto_282;96.02999999999999
504;2021-01-01 13:00:00;Auto_283;96.02999999999999
504;2021-01-01 13:00:00;Auto_284;96.02999999999999
504;2021-01-01 13:00:00;Auto_285;96.02999999999999
504;2021-01-01 13:00:00;Auto_286;96.02999999999999
504;2021-01-01 13:00:00;Auto_287;96.02999999999999
504;2021-01-01 13:00:00;Auto_288;96.02999999999999
504;2021-01-01 13:00:00;Auto_289;96.02999999999999
504;2021-01-01 13:00:00;Auto_290;96.02999999999999
504;2021-01-01 13:00:00;Auto_291;96.02999999999999
504;2021-01-01 13:00:00;Auto_292;96.02999999999999
504;2021-01-01 13:00:00;Auto_293;96.02999999999999
504;2021-01-01 13:00:00;Auto_294;96.02999999999999
504;2021-01-01 13:00:00;Auto_295;96.02999999999999
504;2021-01-01 13:00:00;Auto_296;96.02999999999999
504;2021-01-01 13:00:00;Auto_297;96.02999999999999
504;2021-01-01 13:00:00;Auto_298;96.02999999999999
504;2021-01-01 13:00:00;Auto_299;96.02999999999999
504;2021-01-01 14:00:00;Auto_257;23.739999999972923
504;2021-01-01 14:00:00;Auto_258;96.02999999999999
504;2021-01-01 14:00:00;Auto_259;96.02999999999999
504;2021-01-01 14:00:00;Auto_260;96.02999999999999
504;2021-01-01 14:00:00;Auto_261;96.02999999999999
504;2021-01-01 14:00:00;Auto_262;96.02999999999999
504;2021-01-01 14:00:00;Auto_263;96.02999999999999
504;2021-01-01 14:00:00;Auto_264;96.02999999999999
504;2021-01-01 14:00:00;Auto_265;96.02999999999999
504;2021-01-01 14:00:00;Auto_266;96.02999999999999
504;2021-01-01 14:00:00;Auto_267;96.02999999999999
504;2021-01-01 14:00:00;Auto_268;96.02999999999999
504;2021-01-01 14:00:00;Auto_269;96.02999999999999
504;2021-01-01 14:00:00;Auto_270;96.02999999999999
504;2021-01-01 14:00:00;Auto_271;96.02999999999999
504;2021-01-01 14:00:00;Auto_272;96.02999999999999
504;2021-01-01 14:00:00;Auto_273;96.02999999999999
504;2021-01-01 14:00:00;Auto_274;96.02999999999999
504;2021-01-01 14:00:00;Auto_275;96.02999999999999
504;2021-01-01 14:00:00;Auto_276;96.02999999999999
504;2021-01-01 14:00:00;Auto_277;96.02999999999999
504;2021-01-01 14:00:00;Auto_278;96.02999999999999
504;2021-01-01 14:00:00;Auto_279;96.02999999999999
504;2021-01-01 14:00:00;Auto_280;96.02999999999999
504;2021-01-01 14:00:00;Auto_281;96.02999999999999
504;2021-01-01 14:00:00;Auto_282;96.02999999999999
504;2021-01-01 14:00:00;Auto_283;96.02999999999999
504;2021-01-01 14:00:00;Auto_284;96.02999999999999
504;2021-01-01 14:00:00;Auto_285;96.02999999999999
504;2021-01-01 14:00:00;Auto_286;96.02999999999999
504;2021-01-01 14:00:00;Auto_287;96.02999999999999
504;2021-01-01 14:00:00;Auto_288;96.02999999999999
504;2021-01-01 14:00:00;Auto_289;96.02999999999999
504;2021-01-01 14:00:00;Auto_290;96.02999999999999
504;2021-01-01 14:00:00;Auto_291;96.02999999999999
504;2021-01-01 14:00:00;Auto_292;96.02999999999999
504;2021-01-01 14:00:00;Auto_293;96.02999999999999
504;2021-01-01 14:00:00;Auto_294;96.02999999999999
504;2021-01-01 14:00:00;Auto_295;96.02999999999999
504;2021-01-01 14:00:00;Auto_296;96.02999999999999
504;2021-01-01 14:00:00;Auto_297;96.02999999999999
504;2021-01-01 14:00:00;Auto_298;96.02999999999999
504;2021-01-01 14:00:00;Auto_299;96.02999999999999
504;2021-01-01 15:00:00;Auto_246;88.4099999999655
504;2021-01-01 15:00:00;Auto_247;96.02999999999999
504;2021-01-01 15:00:00;Auto_248;96.02999999999999
504;2021-01-01 15:00:00;Auto_249;96.02999999999999
504;2021-01-01 15:00:00;Auto_250;96.02999999999999
504;2021-01-01 15:00:00;Auto_251;96.02999999999999
504;2021-01-01 15:00:00;Auto_252;96.02999999999999
504;2021-01-01 15:00:00;Auto_253;96.02999999999999
504;2021-01-01 15:00:00;Auto_254;96.02999999999999
504;2021-01-01 15:00:00;Auto_255;96.02999999999999
504;2021-01-01 15:00:00;Auto_256;96.02999999999999
504;2021-01-01 15:00:00;Auto_257;96.02999999999999
504;2021-01-01 15:00:00;Auto_258;96.02999999999999
504;2021-01-01 15:00:00;Auto_259;96.02999999999999
504;2021-01-01 15:00:00;Auto_260;96.02999999999999
504;2021-01-01 15:00:00;Auto_261;96.02999999999999
504;2021-01-01 15:00:00;Auto_262;96.02999999999999
504;2021-01-01 15:00:00;Auto_263;96.02999999999999
504;2021-01-01 15:00:00;Auto_264;96.02999999999999
504;2021-01-01 15:00:00;Auto_265;96.02999999999999
504;2021-01-01 15:00:00;Auto_266;96.02999999999999
504;2021-01-01 15:00:00;Auto_267;96.02999999999999
504;2021-01-01 15:00:00;Auto_268;96.02999999999999
504;2021-01-01 15:00:00;Auto_269;96.02999999999999
504;2021-01-01 15:00:00;Auto_270;96.02999999999999
504;2021-01-01 15:00:00;Auto_271;96.02999999999999
504;2021-01-01 15:00:00;Auto_272;96.02999999999999
504;2021-01-01 15:00:00;Auto_273;96.02999999999999
504;2021-01-01 15:00:00;Auto_274;96.02999999999999
504;2021-01-01 15:00:00;Auto_275;96.02999999999999
504;2021-01-01 15:00:00;Auto_276;96.02999999999999
504;2021-01-01 15:00:00;Auto_277;96.02999999999999
504;2021-01-01 15:00:00;Auto_278;96.02999999999999
504;2021-01-01 15:00:00;Auto_279;96.02999999999999
504;2021-01-01 15:00:00;Auto_280;96.02999999999999
504;2021-01-01 15:00:00;Auto_281;96.02999999999999
504;2021-01-01 15:00:00;Auto_282;96.02999999999999
504;2021-01-01 15:00:00;Auto_283;96.02999999999999
504;2021-01-01 15:00:00;Auto_284;96.02999999999999
504;2021-01-01 15:00:00;Auto_285;96.02999999999999
504;2021-01-01 15:00:00;Auto_286;96.02999999999999
504;2021-01-01 15:00:00;Auto_287;96.02999999999999
504;2021-01-01 15:00:00;Auto_288;96.02999999999999
504;2021-01-01 15:00:00;Auto_289;96.02999999999999
504;2021-01-01 15:00:00;Auto_290;96.02999999999999
504;2021-01-01 15:00:00;Auto_291;96.02999999999999
504;2021-01-01 15:00:00;Auto_292;96.02999999999999
504;2021-01-01 15:00:00;Auto_293;96.02999999999999
504;2021-01-01 15:00:00;Auto_294;96.02999999999999
504;2021-01-01 15:00:00;Auto_295;96.02999999999999
504;2021-01-01 15:00:00;Auto_296;96.02999999999999
504;2021-01-01 15:00:00;Auto_297;96.02999999999999
504;2021-01-01 15:00:00;Auto_298;96.02999999999999
504;2021-01-01 15:00:00;Auto_299;96.02999999999999
504;2021-01-01 16:00:00;Auto_235;94.0799999999583
504;2021-01-01 16:00:00;Auto_236;96.02999999999999
504;2021-01-01 16:00:00;Auto_237;96.02999999999999
504;2021-01-01 16:00:00;Auto_238;96.02999999999999
504;2021-01-01 16:00:00;Auto_239;96.02999999999999
504;2021-01-01 16:00:00;Auto_240;96.02999999999999
504;2021-01-01 16:00:00;Auto_241;96.02999999999999
504;2021-01-01 16:00:00;Auto_242;96.02999999999999
504;2021-01-01 16:00:00;Auto_243;96.02999999999999
504;2021-01-01 16:00:00;Auto_244;96.02999999999999
504;2021-01-01 16:00:00;Auto_245;96.02999999999999
504;2021-01-01 16:00:00;Auto_246;96.02999999999999
504;2021-01-01 16:00:00;Auto_247;96.02999999999999
504;2021-01-01 16:00:00;Auto_248;96.02999999999999
504;2021-01-01 16:00:00;Auto_249;96.02999999999999
504;2021-01-01 16:00:00;Auto_250;96.02999999999999
504;2021-01-01 16:00:00;Auto_251;96.02999999999999
504;2021-01-01 16:00:00;Auto_252;96.02999999999999
504;2021-01-01 16:00:00;Auto_253;96.02999999999999
504;2021-01-01 16:00:00;Auto_254;96.02999999999999
504;2021-01-01 16:00:00;Auto_255;96.02999999999999
504;2021-01-01 16:00:00;Auto_256;96.02999999999999
504;2021-01-01 16:00:00;Auto_257;96.02999999999999
504;2021-01-01 16:00:00;Auto_258;96.02999999999999
504;2021-01-01 16:00:00;Auto_259;96.02999999999999
504;2021-01-01 16:00:00;Auto_260;96.02999999999999
504;2021-01-01 16:00:00;Auto_261;96.02999999999999
504;2021-01-01 16:00:00;Auto_262;96.02999999999999
504;2021-01-01 16:00:00;Auto_263;96.02999999999999
504;2021-01-01 16:00:00;Auto_264;96.02999999999999
504;2021-01-01 16:00:00;Auto_265;96.02999999999999
504;2021-01-01 16:00:00;Auto_266;96.02999999999999
504;2021-01-01 16:00:00;Auto_267;96.02999999999999
504;2021-01-01 16:00:00;Auto_268;96.02999999999999
504;2021-01-01 16:00:00;Auto_269;96.02999999999999
504;2021-01-01 16:00:00;Auto_270;96.02999999999999
504;2021-01-01 16:00:00;Auto_271;96.02999999999999
504;2021-01-01 16:00:00;Auto_272;96.02999999999999
504;2021-01-01 16:00:00;Auto_273;96.02999999999999
504;2021-01-01 16:00:00;Auto_274;96.02999999999999
504;2021-01-01 16:00:00;Auto_275;96.02999999999999
504;2021-01-01 16:00:00;Auto_276;96.02999999999999
504;2021-01-01 16:00:00;Auto_277;96.02999999999999
504;2021-01-01 16:00:00;Auto_278;96.02999999999999
504;2021-01-01 16:00:00;Auto_279;96.02999999999999
504;2021-01-01 16:00:00;Auto_280;96.02999999999999
504;2021-01-01 16:00:00;Auto_281;96.02999999999999
504;2021-01-01 16:00:00;Auto_282;96.02999999999999
504;2021-01-01 16:00:00;Auto_283;96.02999999999999
504;2021-01-01 16:00:00;Auto_284;96.02999999999999
504;2021-01-01 16:00:00;Auto_285;96.02999999999999
504;2021-01-01 16:00:00;Auto_286;96.02999999999999
504;2021-01-01 16:00:00;Auto_287;96.02999999999999
504;2021-01-01 16:00:00;Auto_288;96.02999999999999
504;2021-01-01 16:00:00;Auto_289;96.02999999999999
504;2021-01-01 16:00:00;Auto_290;96.02999999999999
504;2021-01-01 16:00:00;Auto_291;96.02999999999999
504;2021-01-01 16:00:00;Auto_292;96.02999999999999
504;2021-01-01 16:00:00;Auto_293;96.02999999999999
504;2021-01-01 16:00:00;Auto_294;96.02999999999999
504;2021-01-01 16:00:00;Auto_295;96.02999999999999
504;2021-01-01 16:00:00;Auto_296;96.02999999999999
504;2021-01-01 16:00:00;Auto_297;96.02999999999999
504;2021-01-01 16:00:00;Auto_298;96.02999999999999
504;2021-01-01 16:00:00;Auto_299;96.02999999999999
504;2021-01-01 17:00:00;Auto_233;41.01999999995654
504;2021-01-01 17:00:00;Auto_234;96.02999999999999
504;2021-01-01 17:00:00;Auto_235;96.02999999999999
504;2021-01-01 17:00:00;Auto_236;96.02999999999999
504;2021-01-01 17:00:00;Auto_237;96.02999999999999
504;2021-01-01 17:00:00;Auto_238;96.02999999999999
504;2021-01-01 17:00:00;Auto_239;96.02999999999999
504;2021-01-01 17:00:00;Auto_240;96.02999999999999
504;2021-01-01 17:00:00;Auto_241;96.02999999999999
504;2021-01-01 17:00:00;Auto_242;96.02999999999999
504;2021-01-01 17:00:00;Auto_243;96.02999999999999
504;2021-01-01 17:00:00;Auto_244;96.02999999999999
504;2021-01-01 17:00:00;Auto_245;96.02999999999999
504;2021-01-01 17:00:00;Auto_246;96.02999999999999
504;2021-01-01 17:00:00;Auto_247;96.02999999999999
504;2021-01-01 17:00:00;Auto_248;96.02999999999999
504;2021-01-01 17:00:00;Auto_249;96.02999999999999
504;2021-01-01 17:00:00;Auto_250;96.02999999999999
504;2021-01-01 17:00:00;Auto_251;96.02999999999999
504;2021-01-01 17:00:00;Auto_252;96.02999999999999
504;2021-01-01 17:00:00;Auto_253;96.02999999999999
504;2021-01-01 17:00:00;Auto_254;96.02999999999999
504;2021-01-01 17:00:00;Auto_255;96.02999999999999
504;2021-01-01 17:00:00;Auto_256;96.02999999999999
504;2021-01-01 17:00:00;Auto_257;96.02999999999999
504;2021-01-01 17:00:00;Auto_258;96.02999999999999
504;2021-01-01 17:00:00;Auto_259;96.02999999999999
504;2021-01-01 17:00:00;Auto_260;96.02999999999999
504;2021-01-01 17:00:00;Auto_261;96.02999999999999
504;2021-01-01 17:00:00;Auto_262;96.02999999999999
504;2021-01-01 17:00:00;Auto_263;96.02999999999999
504;2021-01-01 17:00:00;Auto_264;96.02999999999999
504;2021-01-01 17:00:00;Auto_265;96.02999999999999
504;2021-01-01 17:00:00;Auto_266;96.02999999999999
504;2021-01-01 17:00:00;Auto_267;96.02999999999999
504;2021-01-01 17:00:00;Auto_268;96.02999999999999
504;2021-01-01 17:00:00;Auto_269;96.02999999999999
504;2021-01-01 17:00:00;Auto_270;96.02999999999999
504;2021-01-01 17:00:00;Auto_271;96.02999999999999
504;2021-01-01 17:00:00;Auto_272;96.02999999999999
504;2021-01-01 17:00:00;Auto_273;96.02999999999999
504;2021-01-01 17:00:00;Auto_274;96.02999999999999
504;2021-01-01 17:00:00;Auto_275;96.02999999999999
504;2021-01-01 17:00:00;Auto_276;96.02999999999999
504;2021-01-01 17:00:00;Auto_277;96.02999999999999
504;2021-01-01 17:00:00;Auto_278;96.02999999999999
504;2021-01-01 17:00:00;Auto_279;96.02999999999999
504;2021-01-01 17:00:00;Auto_280;96.02999999999999
504;2021-01-01 17:00:00;Auto_281;96.02999999999999
504;2021-01-01 17:00:00;Auto_282;96.02999999999999
504;2021-01-01 17:00:00;Auto_283;96.02999999999999
504;2021-01-01 17:00:00;Auto_284;96.02999999999999
504;2021-01-01 17:00:00;Auto_285;96.02999999999999
504;2021-01-01 17:00:00;Auto_286;96.02999999999999
504;2021-01-01 17:00:00;Auto_287;96.02999999999999
504;2021-01-01 17:00:00;Auto_288;96.02999999999999
504;2021-01-01 17:00:00;Auto_289;96.02999999999999
504;2021-01-01 17:00:00;Auto_290;96.02999999999999
504;2021-01-01 17:00:00;Auto_291;96.02999999999999
504;2021-01-01 17:00:00;Auto_292;96.02999999999999
504;2021-01-01 17:00:00;Auto_293;96.02999999999999
504;2021-01-01 17:00:00;Auto_294;96.02999999999999
504;2021-01-01 17:00:00;Auto_295;96.02999999999999
504;2021-01-01 17:00:00;Auto_296;96.02999999999999
504;2021-01-01 17:00:00;Auto_297;96.02999999999999
504;2021-01-01 17:00:00;Auto_298;96.02999999999999
504;2021-01-01 17:00:00;Auto_299;96.02999999999999
504;2021-01-01 18:00:00;Auto_237;87.13999999995961
504;2021-01-01 18:00:00;Auto_238;96.02999999999999
504;2021-01-01 18:00:00;Auto_239;96.02999999999999
504;2021-01-01 18:00:00;Auto_240;96.02999999999999
504;2021-01-01 18:00:00;Auto_241;96.02999999999999
504;2021-01-01 18:00:00;Auto_242;96.02999999999999
504;2021-01-01 18:00:00;Auto_243;96.02999999999999
504;2021-01-01 18:00:00;Auto_244;96.02999999999999
504;2021-01-01 18:00:00;Auto_245;96.02999999999999
504;2021-01-01 18:00:00;Auto_246;96.02999999999999
504;2021-01-01 18:00:00;Auto_247;96.02999999999999
504;2021-01-01 18:00:00;Auto_248;96.02999999999999
504;2021-01-01 18:00:00;Auto_249;96.02999999999999
504;2021-01-01 18:00:00;Auto_250;96.02999999999999
504;2021-01-01 18:00:00;Auto_251;96.02999999999999
504;2021-01-01 18:00:00;Auto_252;96.02999999999999
504;2021-01-01 18:00:00;Auto_253;96.02999999999999
504;2021-01-01 18:00:00;Auto_254;96.02999999999999
504;2021-01-01 18:00:00;Auto_255;96.02999999999999
504;2021-01-01 18:00:00;Auto_256;96.02999999999999
504;2021-01-01 18:00:00;Auto_257;96.02999999999999
504;2021-01-01 18:00:00;Auto_258;96.02999999999999
504;2021-01-01 18:00:00;Auto_259;96.02999999999999
504;2021-01-01 18:00:00;Auto_260;96.02999999999999
504;2021-01-01 18:00:00;Auto_261;96.02999999999999
504;2021-01-01 18:00:00;Auto_262;96.02999999999999
504;2021-01-01 18:00:00;Auto_263;96.02999999999999
504;2021-01-01 18:00:00;Auto_264;96.02999999999999
504;2021-01-01 18:00:00;Auto_265;96.02999999999999
504;2021-01-01 18:00:00;Auto_266;96.02999999999999
504;2021-01-01 18:00:00;Auto_267;96.02999999999999
504;2021-01-01 18:00:00;Auto_268;96.02999999999999
504;2021-01-01 18:00:00;Auto_269;96.02999999999999
504;2021-01-01 18:00:00;Auto_270;96.02999999999999
504;2021-01-01 18:00:00;Auto_271;96.02999999999999
504;2021-01-01 18:00:00;Auto_272;96.02999999999999
504;2021-01-01 18:00:00;Auto_273;96.02999999999999
504;2021-01-01 18:00:00;Auto_274;96.02999999999999
504;2021-01-01 18:00:00;Auto_275;96.02999999999999
504;2021-01-01 18:00:00;Auto_276;96.02999999999999
504;2021-01-01 18:00:00;Auto_277;96.02999999999999
504;2021-01-01 18:00:00;Auto_278;96.02999999999999
504;2021-01-01 18:00:00;Auto_279;96.02999999999999
504;2021-01-01 18:00:00;Auto_280;96.02999999999999
504;2021-01-01 18:00:00;Auto_281;96.02999999999999
504;2021-01-01 18:00:00;Auto_282;96.02999999999999
504;2021-01-01 18:00:00;Auto_283;96.02999999999999
504;2021-01-01 18:00:00;Auto_284;96.02999999999999
504;2021-01-01 18:00:00;Auto_285;96.02999999999999
504;2021-01-01 18:00:00;Auto_286;96.02999999999999
504;2021-01-01 18:00:00;Auto_287;96.02999999999999
504;2021-01-01 18:00:00;Auto_288;96.02999999999999
504;2021-01-01 18:00:00;Auto_289;96.02999999999999
504;2021-01-01 18:00:00;Auto_290;96.02999999999999
504;2021-01-01 18:00:00;Auto_291;96.02999999999999
504;2021-01-01 18:00:00;Auto_292;96.02999999999999
504;2021-01-01 18:00:00;Auto_293;96.02999999999999
504;2021-01-01 18:00:00;Auto_294;96.02999999999999
504;2021-01-01 18:00:00;Auto_295;96.02999999999999
504;2021-01-01 18:00:00;Auto_296;96.02999999999999
504;2021-01-01 18:00:00;Auto_297;96.02999999999999
504;2021-01-01 18:00:00;Auto_298;96.02999999999999
504;2021-01-01 18:00:00;Auto_299;96.02999999999999
504;2021-01-01 19:00:00;Auto_243;27.31999999998513
504;2021-01-01 19:00:00;Auto_244;96.02999999999999
504;2021-01-01 19:00:00;Auto_245;96.02999999999999
504;2021-01-01 19:00:00;Auto_246;96.02999999999999
504;2021-01-01 19:00:00;Auto_247;96.02999999999999
504;2021-01-01 19:00:00;Auto_248;96.02999999999999
504;2021-01-01 19:00:00;Auto_249;96.02999999999999
504;2021-01-01 19:00:00;Auto_250;96.02999999999999
504;2021-01-01 19:00:00;Auto_251;96.02999999999999
504;2021-01-01 19:00:00;Auto_252;96.02999999999999
504;2021-01-01 19:00:00;Auto_253;96.02999999999999
504;2021-01-01 19:00:00;Auto_254;96.02999999999999
504;2021-01-01 19:00:00;Auto_255;96.02999999999999
504;2021-01-01 19:00:00;Auto_256;96.02999999999999
504;2021-01-01 19:00:00;Auto_257;96.02999999999999
504;2021-01-01 19:00:00;Auto_258;96.02999999999999
504;2021-01-01 19:00:00;Auto_259;96.02999999999999
504;2021-01-01 19:00:00;Auto_260;96.02999999999999
504;2021-01-01 19:00:00;Auto_261;96.02999999999999
504;2021-01-01 19:00:00;Auto_262;96.02999999999999
504;2021-01-01 19:00:00;Auto_263;96.02999999999999
504;2021-01-01 19:00:00;Auto_264;96.02999999999999
504;2021-01-01 19:00:00;Auto_265;96.02999999999999
504;2021-01-01 19:00:00;Auto_266;96.02999999999999
504;2021-01-01 19:00:00;Auto_267;96.02999999999999
504;2021-01-01 19:00:00;Auto_268;96.02999999999999
504;2021-01-01 19:00:00;Auto_269;96.02999999999999
504;2021-01-01 19:00:00;Auto_270;96.02999999999999
504;2021-01-01 19:00:00;Auto_271;96.02999999999999
504;2021-01-01 19:00:00;Auto_272;96.02999999999999
504;2021-01-01 19:00:00;Auto_273;96.02999999999999
504;2021-01-01 19:00:00;Auto_274;96.02999999999999
504;2021-01-01 19:00:00;Auto_275;96.02999999999999
504;2021-01-01 19:00:00;Auto_276;96.02999999999999
504;2021-01-01 19:00:00;Auto_277;96.02999999999999
504;2021-01-01 19:00:00;Auto_278;96.02999999999999
504;2021-01-01 19:00:00;Auto_279;96.02999999999999
504;2021-01-01 19:00:00;Auto_280;96.02999999999999
504;2021-01-01 19:00:00;Auto_281;96.02999999999999
504;2021-01-01 19:00:00;Auto_282;96.02999999999999
504;2021-01-01 19:00:00;Auto_283;96.02999999999999
504;2021-01-01 19:00:00;Auto_284;96.02999999999999
504;2021-01-01 19:00:00;Auto_285;96.02999999999999
504;2021-01-01 19:00:00;Auto_286;96.02999999999999
504;2021-01-01 19:00:00;Auto_287;96.02999999999999
504;2021-01-01 19:00:00;Auto_288;96.02999999999999
504;2021-01-01 19:00:00;Auto_289;96.02999999999999
504;2021-01-01 19:00:00;Auto_290;96.02999999999999
504;2021-01-01 19:00:00;Auto_291;96.02999999999999
504;2021-01-01 19:00:00;Auto_292;96.02999999999999
504;2021-01-01 19:00:00;Auto_293;96.02999999999999
504;2021-01-01 19:00:00;Auto_294;96.02999999999999
504;2021-01-01 19:00:00;Auto_295;96.02999999999999
504;2021-01-01 19:00:00;Auto_296;96.02999999999999
504;2021-01-01 19:00:00;Auto_297;96.02999999999999
504;2021-01-01 19:00:00;Auto_298;96.02999999999999
504;2021-01-01 19:00:00;Auto_299;96.02999999999999
504;2021-01-01 20:00:00;Auto_255;36.68000000000005
504;2021-01-01 20:00:00;Auto_256;96.02999999999999
504;2021-01-01 20:00:00;Auto_257;96.02999999999999
504;2021-01-01 20:00:00;Auto_258;96.02999999999999
504;2021-01-01 20:00:00;Auto_259;96.02999999999999
504;2021-01-01 20:00:00;Auto_260;96.02999999999999
504;2021-01-01 20:00:00;Auto_261;96.02999999999999
504;2021-01-01 20:00:00;Auto_262;96.02999999999999
504;2021-01-01 20:00:00;Auto_263;96.02999999999999
504;2021-01-01 20:00:00;Auto_264;96.02999999999999
504;2021-01-01 20:00:00;Auto_265;96.02999999999999
504;2021-01-01 20:00:00;Auto_266;96.02999999999999
504;2021-01-01 20:00:00;Auto_267;96.02999999999999
504;2021-01-01 20:00:00;Auto_268;96.02999999999999
504;2021-01-01 20:00:00;Auto_269;96.02999999999999
504;2021-01-01 20:00:00;Auto_270;96.02999999999999
504;2021-01-01 20:00:00;Auto_271;96.02999999999999
504;2021-01-01 20:00:00;Auto_272;96.02999999999999
504;2021-01-01 20:00:00;Auto_273;96.02999999999999
504;2021-01-01 20:00:00;Auto_274;96.02999999999999
504;2021-01-01 20:00:00;Auto_275;96.02999999999999
504;2021-01-01 20:00:00;Auto_276;96.02999999999999
504;2021-01-01 20:00:00;Auto_277;96.02999999999999
504;2021-01-01 20:00:00;Auto_278;96.02999999999999
504;2021-01-01 20:00:00;Auto_279;96.02999999999999
504;2021-01-01 20:00:00;Auto_280;96.02999999999999
504;2021-01-01 20:00:00;Auto_281;96.02999999999999
504;2021-01-01 20:00:00;Auto_282;96.02999999999999
504;2021-01-01 20:00:00;Auto_283;96.02999999999999
504;2021-01-01 20:00:00;Auto_284;96.02999999999999
504;2021-01-01 20:00:00;Auto_285;96.02999999999999
504;2021-01-01 20:00:00;Auto_286;96.02999999999999
504;2021-01-01 20:00:00;Auto_287;96.02999999999999
504;2021-01-01 20:00:00;Auto_288;96.02999999999999
504;2021-01-01 20:00:00;Auto_289;96.02999999999999
504;2021-01-01 20:00:00;Auto_290;96.02999999999999
504;2021-01-01 20:00:00;Auto_291;96.02999999999999
504;2021-01-01 20:00:00;Auto_292;96.02999999999999
504;2021-01-01 20:00:00;Auto_293;96.02999999999999
504;2021-01-01 20:00:00;Auto_294;96.02999999999999
504;2021-01-01 20:00:00;Auto_295;96.02999999999999
504;2021-01-01 20:00:00;Auto_296;96.02999999999999
504;2021-01-01 20:00:00;Auto_297;96.02999999999999
504;2021-01-01 20:00:00;Auto_298;96.02999999999999
504;2021-01-01 20:00:00;Auto_299;96.02999999999999
504;2021-01-01 21:00:00;Auto_292;78.79000000000825
504;2021-01-01 21:00:00;Auto_293;96.02999999999999
504;2021-01-01 21:00:00;Auto_294;96.02999999999999
504;2021-01-01 21:00:00;Auto_295;96.02999999999999
504;2021-01-01 21:00:00;Auto_296;96.02999999999999
504;2021-01-01 21:00:00;Auto_297;96.02999999999999
504;2021-01-01 21:00:00;Auto_298;96.02999999999999
504;2021-01-01 21:00:00;Auto_299;96.02999999999999
